-5.821253060318901e-16,0.0,1.811329728596972e-16,0.0,0.0,0.0,1.0815770519349195e-15,0.0,0.0,0.0,0.0,0.0,0.0,5.228056892862152e-16,8.91112276977269e-16,0.0,7.563437629326117e-16,6.09546138678234e-16,-1.0187015250446997e-15,-2.586377122183201e-15,-2.5178801383967476e-16,0.0,0.0,0.0,-1.008125933623998e-15,9.875150261827577e-16,5.950631000044952e-16,0.0,0.0,0.0,0.0,0.0,0.0,8.906645415819917e-16,-2.2211856971280052e-15,0.0,0.0,-2.921227400303372e-16,0.0,1.2255774157047294e-15,3.5360289154423766e-16,0.0,-9.345893708495236e-17,0.0,0.0,1.6321173088061204e-15,0.0,-1.186742477830192e-15,-5.819223534061004e-16,-1.3471594435430215e-16,1.6190421674343226e-15,2.886287587528263e-15,0.0,0.0,0.0,4.49400543082496e-16,0.0,0.0,0.0,0.0,-3.996766935259914e-15,9.239063630431062e-16,0.0,0.0,-3.3878079442417913e-16,-1.669458488139297e-15,2.9624691926664717e-15,7.063356845509571e-16,0.0,2.3241586540443847e-15,0.0,-1.3761062579620174e-15,0.0,0.0,-2.9029063933785107e-16,8.388288038960232e-16,0.0,0.0,0.0,-9.54314749208951e-16,2.2875978040224632e-15,0.0,0.0,6.703318269881033e-16,7.69086755921076e-17,0.0,0.0,0.0,0.0,0.0,0.0,-4.023821865424525e-16,-6.248925074922843e-16,0.0,7.511612009379153e-16,0.0,1.2858228750331595e-15,0.0,0.0,0.0
5.821253060318901e-16,0.0,-1.811329728596972e-16,0.0,0.0,0.0,-1.0815770519349195e-15,0.0,0.0,0.0,0.0,0.0,0.0,-5.228056892862152e-16,-8.91112276977269e-16,0.0,-7.563437629326117e-16,-6.09546138678234e-16,1.0187015250446997e-15,2.586377122183201e-15,2.5178801383967476e-16,0.0,0.0,0.0,1.008125933623998e-15,-9.875150261827577e-16,-5.950631000044952e-16,0.0,0.0,0.0,0.0,0.0,0.0,-8.906645415819917e-16,2.2211856971280052e-15,0.0,0.0,2.921227400303372e-16,0.0,-1.2255774157047294e-15,-3.5360289154423766e-16,0.0,9.345893708495236e-17,0.0,0.0,-1.6321173088061204e-15,0.0,1.186742477830192e-15,5.819223534061004e-16,1.3471594435430215e-16,-1.6190421674343226e-15,-2.886287587528263e-15,0.0,0.0,0.0,-4.49400543082496e-16,0.0,0.0,0.0,0.0,3.996766935259914e-15,-9.239063630431062e-16,0.0,0.0,3.3878079442417913e-16,1.669458488139297e-15,-2.9624691926664717e-15,-7.063356845509571e-16,0.0,-2.3241586540443847e-15,0.0,1.3761062579620174e-15,0.0,0.0,2.9029063933785107e-16,-8.388288038960232e-16,0.0,0.0,0.0,9.54314749208951e-16,-2.2875978040224632e-15,0.0,0.0,-6.703318269881033e-16,-7.69086755921076e-17,0.0,0.0,0.0,0.0,0.0,0.0,4.023821865424525e-16,6.248925074922843e-16,0.0,-7.511612009379153e-16,0.0,-1.2858228750331595e-15,0.0,0.0,0.0
5.821253060318901e-16,0.0,-1.811329728596972e-16,0.0,0.0,0.0,-1.0815770519349195e-15,0.0,0.0,0.0,0.0,0.0,0.0,-5.228056892862152e-16,-8.91112276977269e-16,0.0,-7.563437629326117e-16,-6.09546138678234e-16,1.0187015250446997e-15,2.586377122183201e-15,2.5178801383967476e-16,0.0,0.0,0.0,1.008125933623998e-15,-9.875150261827577e-16,-5.950631000044952e-16,0.0,0.0,0.0,0.0,0.0,0.0,-8.906645415819917e-16,2.2211856971280052e-15,0.0,0.0,2.921227400303372e-16,0.0,-1.2255774157047294e-15,-3.5360289154423766e-16,0.0,9.345893708495236e-17,0.0,0.0,-1.6321173088061204e-15,0.0,1.186742477830192e-15,5.819223534061004e-16,1.3471594435430215e-16,-1.6190421674343226e-15,-2.886287587528263e-15,0.0,0.0,0.0,-4.49400543082496e-16,0.0,0.0,0.0,0.0,3.996766935259914e-15,-9.239063630431062e-16,0.0,0.0,3.3878079442417913e-16,1.669458488139297e-15,-2.9624691926664717e-15,-7.063356845509571e-16,0.0,-2.3241586540443847e-15,0.0,1.3761062579620174e-15,0.0,0.0,2.9029063933785107e-16,-8.388288038960232e-16,0.0,0.0,0.0,9.54314749208951e-16,-2.2875978040224632e-15,0.0,0.0,-6.703318269881033e-16,-7.69086755921076e-17,0.0,0.0,0.0,0.0,0.0,0.0,4.023821865424525e-16,6.248925074922843e-16,0.0,-7.511612009379153e-16,0.0,-1.2858228750331595e-15,0.0,0.0,0.0
5.821253060318901e-16,0.0,-1.811329728596972e-16,0.0,0.0,0.0,-1.0815770519349195e-15,0.0,0.0,0.0,0.0,0.0,0.0,-5.228056892862152e-16,-8.91112276977269e-16,0.0,-7.563437629326117e-16,-6.09546138678234e-16,1.0187015250446997e-15,2.586377122183201e-15,2.5178801383967476e-16,0.0,0.0,0.0,1.008125933623998e-15,-9.875150261827577e-16,-5.950631000044952e-16,0.0,0.0,0.0,0.0,0.0,0.0,-8.906645415819917e-16,2.2211856971280052e-15,0.0,0.0,2.921227400303372e-16,0.0,-1.2255774157047294e-15,-3.5360289154423766e-16,0.0,9.345893708495236e-17,0.0,0.0,-1.6321173088061204e-15,0.0,1.186742477830192e-15,5.819223534061004e-16,1.3471594435430215e-16,-1.6190421674343226e-15,-2.886287587528263e-15,0.0,0.0,0.0,-4.49400543082496e-16,0.0,0.0,0.0,0.0,3.996766935259914e-15,-9.239063630431062e-16,0.0,0.0,3.3878079442417913e-16,1.669458488139297e-15,-2.9624691926664717e-15,-7.063356845509571e-16,0.0,-2.3241586540443847e-15,0.0,1.3761062579620174e-15,0.0,0.0,2.9029063933785107e-16,-8.388288038960232e-16,0.0,0.0,0.0,9.54314749208951e-16,-2.2875978040224632e-15,0.0,0.0,-6.703318269881033e-16,-7.69086755921076e-17,0.0,0.0,0.0,0.0,0.0,0.0,4.023821865424525e-16,6.248925074922843e-16,0.0,-7.511612009379153e-16,0.0,-1.2858228750331595e-15,0.0,0.0,0.0
-5.821253060318901e-16,0.0,1.811329728596972e-16,0.0,0.0,0.0,1.0815770519349195e-15,0.0,0.0,0.0,0.0,0.0,0.0,5.228056892862152e-16,8.91112276977269e-16,0.0,7.563437629326117e-16,6.09546138678234e-16,-1.0187015250446997e-15,-2.586377122183201e-15,-2.5178801383967476e-16,0.0,0.0,0.0,-1.008125933623998e-15,9.875150261827577e-16,5.950631000044952e-16,0.0,0.0,0.0,0.0,0.0,0.0,8.906645415819917e-16,-2.2211856971280052e-15,0.0,0.0,-2.921227400303372e-16,0.0,1.2255774157047294e-15,3.5360289154423766e-16,0.0,-9.345893708495236e-17,0.0,0.0,1.6321173088061204e-15,0.0,-1.186742477830192e-15,-5.819223534061004e-16,-1.3471594435430215e-16,1.6190421674343226e-15,2.886287587528263e-15,0.0,0.0,0.0,4.49400543082496e-16,0.0,0.0,0.0,0.0,-3.996766935259914e-15,9.239063630431062e-16,0.0,0.0,-3.3878079442417913e-16,-1.669458488139297e-15,2.9624691926664717e-15,7.063356845509571e-16,0.0,2.3241586540443847e-15,0.0,-1.3761062579620174e-15,0.0,0.0,-2.9029063933785107e-16,8.388288038960232e-16,0.0,0.0,0.0,-9.54314749208951e-16,2.2875978040224632e-15,0.0,0.0,6.703318269881033e-16,7.69086755921076e-17,0.0,0.0,0.0,0.0,0.0,0.0,-4.023821865424525e-16,-6.248925074922843e-16,0.0,7.511612009379153e-16,0.0,1.2858228750331595e-15,0.0,0.0,0.0
-5.821253060318901e-16,0.0,1.811329728596972e-16,0.0,0.0,0.0,1.0815770519349195e-15,0.0,0.0,0.0,0.0,0.0,0.0,5.228056892862152e-16,8.91112276977269e-16,0.0,7.563437629326117e-16,6.09546138678234e-16,-1.0187015250446997e-15,-2.586377122183201e-15,-2.5178801383967476e-16,0.0,0.0,0.0,-1.008125933623998e-15,9.875150261827577e-16,5.950631000044952e-16,0.0,0.0,0.0,0.0,0.0,0.0,8.906645415819917e-16,-2.2211856971280052e-15,0.0,0.0,-2.921227400303372e-16,0.0,1.2255774157047294e-15,3.5360289154423766e-16,0.0,-9.345893708495236e-17,0.0,0.0,1.6321173088061204e-15,0.0,-1.186742477830192e-15,-5.819223534061004e-16,-1.3471594435430215e-16,1.6190421674343226e-15,2.886287587528263e-15,0.0,0.0,0.0,4.49400543082496e-16,0.0,0.0,0.0,0.0,-3.996766935259914e-15,9.239063630431062e-16,0.0,0.0,-3.3878079442417913e-16,-1.669458488139297e-15,2.9624691926664717e-15,7.063356845509571e-16,0.0,2.3241586540443847e-15,0.0,-1.3761062579620174e-15,0.0,0.0,-2.9029063933785107e-16,8.388288038960232e-16,0.0,0.0,0.0,-9.54314749208951e-16,2.2875978040224632e-15,0.0,0.0,6.703318269881033e-16,7.69086755921076e-17,0.0,0.0,0.0,0.0,0.0,0.0,-4.023821865424525e-16,-6.248925074922843e-16,0.0,7.511612009379153e-16,0.0,1.2858228750331595e-15,0.0,0.0,0.0
5.821253060318901e-16,0.0,-1.811329728596972e-16,0.0,0.0,0.0,-1.0815770519349195e-15,0.0,0.0,0.0,0.0,0.0,0.0,-5.228056892862152e-16,-8.91112276977269e-16,0.0,-7.563437629326117e-16,-6.09546138678234e-16,1.0187015250446997e-15,2.586377122183201e-15,2.5178801383967476e-16,0.0,0.0,0.0,1.008125933623998e-15,-9.875150261827577e-16,-5.950631000044952e-16,0.0,0.0,0.0,0.0,0.0,0.0,-8.906645415819917e-16,2.2211856971280052e-15,0.0,0.0,2.921227400303372e-16,0.0,-1.2255774157047294e-15,-3.5360289154423766e-16,0.0,9.345893708495236e-17,0.0,0.0,-1.6321173088061204e-15,0.0,1.186742477830192e-15,5.819223534061004e-16,1.3471594435430215e-16,-1.6190421674343226e-15,-2.886287587528263e-15,0.0,0.0,0.0,-4.49400543082496e-16,0.0,0.0,0.0,0.0,3.996766935259914e-15,-9.239063630431062e-16,0.0,0.0,3.3878079442417913e-16,1.669458488139297e-15,-2.9624691926664717e-15,-7.063356845509571e-16,0.0,-2.3241586540443847e-15,0.0,1.3761062579620174e-15,0.0,0.0,2.9029063933785107e-16,-8.388288038960232e-16,0.0,0.0,0.0,9.54314749208951e-16,-2.2875978040224632e-15,0.0,0.0,-6.703318269881033e-16,-7.69086755921076e-17,0.0,0.0,0.0,0.0,0.0,0.0,4.023821865424525e-16,6.248925074922843e-16,0.0,-7.511612009379153e-16,0.0,-1.2858228750331595e-15,0.0,0.0,0.0
-5.821253060318901e-16,0.0,1.811329728596972e-16,0.0,0.0,0.0,1.0815770519349195e-15,0.0,0.0,0.0,0.0,0.0,0.0,5.228056892862152e-16,8.91112276977269e-16,0.0,7.563437629326117e-16,6.09546138678234e-16,-1.0187015250446997e-15,-2.586377122183201e-15,-2.5178801383967476e-16,0.0,0.0,0.0,-1.008125933623998e-15,9.875150261827577e-16,5.950631000044952e-16,0.0,0.0,0.0,0.0,0.0,0.0,8.906645415819917e-16,-2.2211856971280052e-15,0.0,0.0,-2.921227400303372e-16,0.0,1.2255774157047294e-15,3.5360289154423766e-16,0.0,-9.345893708495236e-17,0.0,0.0,1.6321173088061204e-15,0.0,-1.186742477830192e-15,-5.819223534061004e-16,-1.3471594435430215e-16,1.6190421674343226e-15,2.886287587528263e-15,0.0,0.0,0.0,4.49400543082496e-16,0.0,0.0,0.0,0.0,-3.996766935259914e-15,9.239063630431062e-16,0.0,0.0,-3.3878079442417913e-16,-1.669458488139297e-15,2.9624691926664717e-15,7.063356845509571e-16,0.0,2.3241586540443847e-15,0.0,-1.3761062579620174e-15,0.0,0.0,-2.9029063933785107e-16,8.388288038960232e-16,0.0,0.0,0.0,-9.54314749208951e-16,2.2875978040224632e-15,0.0,0.0,6.703318269881033e-16,7.69086755921076e-17,0.0,0.0,0.0,0.0,0.0,0.0,-4.023821865424525e-16,-6.248925074922843e-16,0.0,7.511612009379153e-16,0.0,1.2858228750331595e-15,0.0,0.0,0.0
5.821253060318901e-16,0.0,-1.811329728596972e-16,0.0,0.0,0.0,-1.0815770519349195e-15,0.0,0.0,0.0,0.0,0.0,0.0,-5.228056892862152e-16,-8.91112276977269e-16,0.0,-7.563437629326117e-16,-6.09546138678234e-16,1.0187015250446997e-15,2.586377122183201e-15,2.5178801383967476e-16,0.0,0.0,0.0,1.008125933623998e-15,-9.875150261827577e-16,-5.950631000044952e-16,0.0,0.0,0.0,0.0,0.0,0.0,-8.906645415819917e-16,2.2211856971280052e-15,0.0,0.0,2.921227400303372e-16,0.0,-1.2255774157047294e-15,-3.5360289154423766e-16,0.0,9.345893708495236e-17,0.0,0.0,-1.6321173088061204e-15,0.0,1.186742477830192e-15,5.819223534061004e-16,1.3471594435430215e-16,-1.6190421674343226e-15,-2.886287587528263e-15,0.0,0.0,0.0,-4.49400543082496e-16,0.0,0.0,0.0,0.0,3.996766935259914e-15,-9.239063630431062e-16,0.0,0.0,3.3878079442417913e-16,1.669458488139297e-15,-2.9624691926664717e-15,-7.063356845509571e-16,0.0,-2.3241586540443847e-15,0.0,1.3761062579620174e-15,0.0,0.0,2.9029063933785107e-16,-8.388288038960232e-16,0.0,0.0,0.0,9.54314749208951e-16,-2.2875978040224632e-15,0.0,0.0,-6.703318269881033e-16,-7.69086755921076e-17,0.0,0.0,0.0,0.0,0.0,0.0,4.023821865424525e-16,6.248925074922843e-16,0.0,-7.511612009379153e-16,0.0,-1.2858228750331595e-15,0.0,0.0,0.0
5.821253060318901e-16,0.0,-1.811329728596972e-16,0.0,0.0,0.0,-1.0815770519349195e-15,0.0,0.0,0.0,0.0,0.0,0.0,-5.228056892862152e-16,-8.91112276977269e-16,0.0,-7.563437629326117e-16,-6.09546138678234e-16,1.0187015250446997e-15,2.586377122183201e-15,2.5178801383967476e-16,0.0,0.0,0.0,1.008125933623998e-15,-9.875150261827577e-16,-5.950631000044952e-16,0.0,0.0,0.0,0.0,0.0,0.0,-8.906645415819917e-16,2.2211856971280052e-15,0.0,0.0,2.921227400303372e-16,0.0,-1.2255774157047294e-15,-3.5360289154423766e-16,0.0,9.345893708495236e-17,0.0,0.0,-1.6321173088061204e-15,0.0,1.186742477830192e-15,5.819223534061004e-16,1.3471594435430215e-16,-1.6190421674343226e-15,-2.886287587528263e-15,0.0,0.0,0.0,-4.49400543082496e-16,0.0,0.0,0.0,0.0,3.996766935259914e-15,-9.239063630431062e-16,0.0,0.0,3.3878079442417913e-16,1.669458488139297e-15,-2.9624691926664717e-15,-7.063356845509571e-16,0.0,-2.3241586540443847e-15,0.0,1.3761062579620174e-15,0.0,0.0,2.9029063933785107e-16,-8.388288038960232e-16,0.0,0.0,0.0,9.54314749208951e-16,-2.2875978040224632e-15,0.0,0.0,-6.703318269881033e-16,-7.69086755921076e-17,0.0,0.0,0.0,0.0,0.0,0.0,4.023821865424525e-16,6.248925074922843e-16,0.0,-7.511612009379153e-16,0.0,-1.2858228750331595e-15,0.0,0.0,0.0
-5.821253060318901e-16,0.0,1.811329728596972e-16,0.0,0.0,0.0,1.0815770519349195e-15,0.0,0.0,0.0,0.0,0.0,0.0,5.228056892862152e-16,8.91112276977269e-16,0.0,7.563437629326117e-16,6.09546138678234e-16,-1.0187015250446997e-15,-2.586377122183201e-15,-2.5178801383967476e-16,0.0,0.0,0.0,-1.008125933623998e-15,9.875150261827577e-16,5.950631000044952e-16,0.0,0.0,0.0,0.0,0.0,0.0,8.906645415819917e-16,-2.2211856971280052e-15,0.0,0.0,-2.921227400303372e-16,0.0,1.2255774157047294e-15,3.5360289154423766e-16,0.0,-9.345893708495236e-17,0.0,0.0,1.6321173088061204e-15,0.0,-1.186742477830192e-15,-5.819223534061004e-16,-1.3471594435430215e-16,1.6190421674343226e-15,2.886287587528263e-15,0.0,0.0,0.0,4.49400543082496e-16,0.0,0.0,0.0,0.0,-3.996766935259914e-15,9.239063630431062e-16,0.0,0.0,-3.3878079442417913e-16,-1.669458488139297e-15,2.9624691926664717e-15,7.063356845509571e-16,0.0,2.3241586540443847e-15,0.0,-1.3761062579620174e-15,0.0,0.0,-2.9029063933785107e-16,8.388288038960232e-16,0.0,0.0,0.0,-9.54314749208951e-16,2.2875978040224632e-15,0.0,0.0,6.703318269881033e-16,7.69086755921076e-17,0.0,0.0,0.0,0.0,0.0,0.0,-4.023821865424525e-16,-6.248925074922843e-16,0.0,7.511612009379153e-16,0.0,1.2858228750331595e-15,0.0,0.0,0.0
-5.821253060318901e-16,0.0,1.811329728596972e-16,0.0,0.0,0.0,1.0815770519349195e-15,0.0,0.0,0.0,0.0,0.0,0.0,5.228056892862152e-16,8.91112276977269e-16,0.0,7.563437629326117e-16,6.09546138678234e-16,-1.0187015250446997e-15,-2.586377122183201e-15,-2.5178801383967476e-16,0.0,0.0,0.0,-1.008125933623998e-15,9.875150261827577e-16,5.950631000044952e-16,0.0,0.0,0.0,0.0,0.0,0.0,8.906645415819917e-16,-2.2211856971280052e-15,0.0,0.0,-2.921227400303372e-16,0.0,1.2255774157047294e-15,3.5360289154423766e-16,0.0,-9.345893708495236e-17,0.0,0.0,1.6321173088061204e-15,0.0,-1.186742477830192e-15,-5.819223534061004e-16,-1.3471594435430215e-16,1.6190421674343226e-15,2.886287587528263e-15,0.0,0.0,0.0,4.49400543082496e-16,0.0,0.0,0.0,0.0,-3.996766935259914e-15,9.239063630431062e-16,0.0,0.0,-3.3878079442417913e-16,-1.669458488139297e-15,2.9624691926664717e-15,7.063356845509571e-16,0.0,2.3241586540443847e-15,0.0,-1.3761062579620174e-15,0.0,0.0,-2.9029063933785107e-16,8.388288038960232e-16,0.0,0.0,0.0,-9.54314749208951e-16,2.2875978040224632e-15,0.0,0.0,6.703318269881033e-16,7.69086755921076e-17,0.0,0.0,0.0,0.0,0.0,0.0,-4.023821865424525e-16,-6.248925074922843e-16,0.0,7.511612009379153e-16,0.0,1.2858228750331595e-15,0.0,0.0,0.0
5.821253060318901e-16,0.0,-1.811329728596972e-16,0.0,0.0,0.0,-1.0815770519349195e-15,0.0,0.0,0.0,0.0,0.0,0.0,-5.228056892862152e-16,-8.91112276977269e-16,0.0,-7.563437629326117e-16,-6.09546138678234e-16,1.0187015250446997e-15,2.586377122183201e-15,2.5178801383967476e-16,0.0,0.0,0.0,1.008125933623998e-15,-9.875150261827577e-16,-5.950631000044952e-16,0.0,0.0,0.0,0.0,0.0,0.0,-8.906645415819917e-16,2.2211856971280052e-15,0.0,0.0,2.921227400303372e-16,0.0,-1.2255774157047294e-15,-3.5360289154423766e-16,0.0,9.345893708495236e-17,0.0,0.0,-1.6321173088061204e-15,0.0,1.186742477830192e-15,5.819223534061004e-16,1.3471594435430215e-16,-1.6190421674343226e-15,-2.886287587528263e-15,0.0,0.0,0.0,-4.49400543082496e-16,0.0,0.0,0.0,0.0,3.996766935259914e-15,-9.239063630431062e-16,0.0,0.0,3.3878079442417913e-16,1.669458488139297e-15,-2.9624691926664717e-15,-7.063356845509571e-16,0.0,-2.3241586540443847e-15,0.0,1.3761062579620174e-15,0.0,0.0,2.9029063933785107e-16,-8.388288038960232e-16,0.0,0.0,0.0,9.54314749208951e-16,-2.2875978040224632e-15,0.0,0.0,-6.703318269881033e-16,-7.69086755921076e-17,0.0,0.0,0.0,0.0,0.0,0.0,4.023821865424525e-16,6.248925074922843e-16,0.0,-7.511612009379153e-16,0.0,-1.2858228750331595e-15,0.0,0.0,0.0
5.821253060318901e-16,0.0,-1.811329728596972e-16,0.0,0.0,0.0,-1.0815770519349195e-15,0.0,0.0,0.0,0.0,0.0,0.0,-5.228056892862152e-16,-8.91112276977269e-16,0.0,-7.563437629326117e-16,-6.09546138678234e-16,1.0187015250446997e-15,2.586377122183201e-15,2.5178801383967476e-16,0.0,0.0,0.0,1.008125933623998e-15,-9.875150261827577e-16,-5.950631000044952e-16,0.0,0.0,0.0,0.0,0.0,0.0,-8.906645415819917e-16,2.2211856971280052e-15,0.0,0.0,2.921227400303372e-16,0.0,-1.2255774157047294e-15,-3.5360289154423766e-16,0.0,9.345893708495236e-17,0.0,0.0,-1.6321173088061204e-15,0.0,1.186742477830192e-15,5.819223534061004e-16,1.3471594435430215e-16,-1.6190421674343226e-15,-2.886287587528263e-15,0.0,0.0,0.0,-4.49400543082496e-16,0.0,0.0,0.0,0.0,3.996766935259914e-15,-9.239063630431062e-16,0.0,0.0,3.3878079442417913e-16,1.669458488139297e-15,-2.9624691926664717e-15,-7.063356845509571e-16,0.0,-2.3241586540443847e-15,0.0,1.3761062579620174e-15,0.0,0.0,2.9029063933785107e-16,-8.388288038960232e-16,0.0,0.0,0.0,9.54314749208951e-16,-2.2875978040224632e-15,0.0,0.0,-6.703318269881033e-16,-7.69086755921076e-17,0.0,0.0,0.0,0.0,0.0,0.0,4.023821865424525e-16,6.248925074922843e-16,0.0,-7.511612009379153e-16,0.0,-1.2858228750331595e-15,0.0,0.0,0.0
6.977880289237443e-17,1.0561612213891249e-16,0.0,2.1909447583218116e-16,0.0,0.0,3.440073591639219e-16,1.4899554759994127e-16,0.0,0.0,0.0,-3.826386656454405e-16,0.0,0.0,0.0,2.611953974490113e-17,-1.1729922451151538e-16,-3.128829766917248e-16,1.1559212747031973e-16,0.0,1.307942251269934e-17,0.0,-6.596615280332168e-17,0.0,-5.020887757409268e-16,0.0,-1.1568619730268755e-16,2.5405209620073458e-16,-1.5091002055060343e-16,3.2309605173253535e-16,0.0,0.0,2.1039293438499516e-16,0.0,0.0,-2.0230600760561054e-16,0.0,-1.8216490520502134e-16,0.0,0.0
0.0,0.0,0.0,0.0,0.0,0.0,0.0,0.0,0.0,0.0,0.0,0.0,0.0,0.0,0.0,0.0,0.0,0.0,0.0,0.0,0.0,0.0,0.0,0.0,0.0,0.0,0.0,0.0,0.0,0.0,0.0,0.0,0.0,0.0,0.0,0.0,0.0,0.0,0.0,0.0
5.99323721850052e-16,9.071271616008202e-16,0.0,1.881782307086251e-15,0.0,0.0,2.9546475762263352e-15,1.2797090581277645e-15,0.0,0.0,0.0,-3.2864483154299587e-15,0.0,0.0,0.0,2.243383251654381e-16,-1.0074722536125483e-15,-2.6873231170737093e-15,9.928101540940655e-16,0.0,1.123379573027466e-16,0.0,-5.665772208100818e-16,0.0,-4.31239432754833e-15,0.0,-9.936181112345088e-16,2.1820300940627197e-15,-1.2961522902643463e-15,2.7750422795023524e-15,0.0,0.0,1.8070455677070504e-15,0.0,0.0,-1.7375876971954982e-15,0.0,-1.564597620660332e-15,0.0,0.0
0.0,0.0,0.0,0.0,0.0,0.0,0.0,0.0,0.0,0.0,0.0,0.0,0.0,0.0,0.0,0.0,0.0,0.0,0.0,0.0,0.0,0.0,0.0,0.0,0.0,0.0,0.0,0.0,0.0,0.0,0.0,0.0,0.0,0.0,0.0,0.0,0.0,0.0,0.0,0.0
0.0,0.0,0.0,0.0,0.0,0.0,0.0,0.0,0.0,0.0,0.0,0.0,0.0,0.0,0.0,0.0,0.0,0.0,0.0,0.0,0.0,0.0,0.0,0.0,0.0,0.0,0.0,0.0,0.0,0.0,0.0,0.0,0.0,0.0,0.0,0.0,0.0,0.0,0.0,0.0
0.0,0.0,0.0,0.0,0.0,0.0,0.0,0.0,0.0,0.0,0.0,0.0,0.0,0.0,0.0,0.0,0.0,0.0,0.0,0.0,0.0,0.0,0.0,0.0,0.0,0.0,0.0,0.0,0.0,0.0,0.0,0.0,0.0,0.0,0.0,0.0,0.0,0.0,0.0,0.0
5.869743700553459e-17,8.884353727849845e-17,0.0,1.8430072830649656e-16,0.0,0.0,2.893765650452464e-16,1.2533400412216626e-16,0.0,0.0,0.0,-3.218729476807852e-16,0.0,0.0,0.0,2.1971572673073716e-17,-9.867128062059601e-17,-2.631949539574815e-16,9.723528262572547e-17,0.0,1.1002317998949785e-17,0.0,-5.549026263237297e-17,0.0,-4.2235353808942637e-16,0.0,-9.731441350545763e-17,2.1370683208576897e-16,-1.2694444526994027e-16,2.7178612067275757e-16,0.0,0.0,1.7698105299284817e-16,0.0,0.0,-1.701783872043072e-16,0.0,-1.5323583387326113e-16,0.0,0.0
0.0,0.0,0.0,0.0,0.0,0.0,0.0,0.0,0.0,0.0,0.0,0.0,0.0,0.0,0.0,0.0,0.0,0.0,0.0,0.0,0.0,0.0,0.0,0.0,0.0,0.0,0.0,0.0,0.0,0.0,0.0,0.0,0.0,0.0,0.0,0.0,0.0,0.0,0.0,0.0
0.0,0.0,0.0,0.0,0.0,0.0,0.0,0.0,0.0,0.0,0.0,0.0,0.0,0.0,0.0,0.0,0.0,0.0,0.0,0.0,0.0,0.0,0.0,0.0,0.0,0.0,0.0,0.0,0.0,0.0,0.0,0.0,0.0,0.0,0.0,0.0,0.0,0.0,0.0,0.0
0.0,0.0,0.0,0.0,0.0,0.0,0.0,0.0,0.0,0.0,0.0,0.0,0.0,0.0,0.0,0.0,0.0,0.0,0.0,0.0,0.0,0.0,0.0,0.0,0.0,0.0,0.0,0.0,0.0,0.0,0.0,0.0,0.0,0.0,0.0,0.0,0.0,0.0,0.0,0.0
0.0,0.0,0.0,0.0,0.0,0.0,0.0,0.0,0.0,0.0,0.0,0.0,0.0,0.0,0.0,0.0,0.0,0.0,0.0,0.0,0.0,0.0,0.0,0.0,0.0,0.0,0.0,0.0,0.0,0.0,0.0,0.0,0.0,0.0,0.0,0.0,0.0,0.0,0.0,0.0
0.0,0.0,0.0,0.0,0.0,0.0,0.0,0.0,0.0,0.0,0.0,0.0,0.0,0.0,0.0,0.0,0.0,0.0,0.0,0.0,0.0,0.0,0.0,0.0,0.0,0.0,0.0,0.0,0.0,0.0,0.0,0.0,0.0,0.0,0.0,0.0,0.0,0.0,0.0,0.0
0.0,0.0,0.0,0.0,0.0,0.0,0.0,0.0,0.0,0.0,0.0,0.0,0.0,0.0,0.0,0.0,0.0,0.0,0.0,0.0,0.0,0.0,0.0,0.0,0.0,0.0,0.0,0.0,0.0,0.0,0.0,0.0,0.0,0.0,0.0,0.0,0.0,0.0,0.0,0.0
4.2038767303371854e-17,6.362923119977245e-17,0.0,1.3199512323490764e-16,0.0,0.0,2.0724983409137815e-16,8.976349400050964e-17,0.0,0.0,0.0,-2.305235567189596e-16,0.0,0.0,0.0,1.5735914172971095e-17,-7.066780454389896e-17,-1.8849871458266518e-16,6.963935102643484e-17,0.0,7.879796968169811e-18,0.0,-3.9741807435056546e-17,0.0,-3.024871785427881e-16,0.0,-6.969602410807652e-17,1.5305560589208187e-16,-9.091688270231383e-17,1.9465165884791326e-16,0.0,0.0,1.267528138097502e-16,0.0,0.0,-1.2188078363745975e-16,0.0,-1.0974662423725193e-16,0.0,0.0
3.702393210495362e-16,5.603885382342829e-16,0.0,1.1624932875808258e-15,0.0,0.0,1.8252685029483803e-15,7.905554136245372e-16,0.0,0.0,0.0,-2.030242335833339e-15,0.0,0.0,0.0,1.3858765499594693e-16,-6.223779062212397e-16,-1.6601256550212539e-15,6.13320220745139e-16,0.0,6.939810243364068e-17,0.0,-3.5000978253842766e-16,0.0,-2.664032624973972e-15,0.0,-6.138193458293113e-16,1.3479749108572127e-15,-8.007134148518457e-16,1.7143152056039696e-15,0.0,0.0,1.1163237824596277e-15,0.0,0.0,-1.0734153610469715e-15,0.0,-9.66548694252975e-16,0.0,0.0
0.0,0.0,0.0,0.0,0.0,0.0,0.0,0.0,0.0,0.0,0.0,0.0,0.0,0.0,0.0,0.0,0.0,0.0,0.0,0.0,0.0,0.0,0.0,0.0,0.0,0.0,0.0,0.0,0.0,0.0,0.0,0.0,0.0,0.0,0.0,0.0,0.0,0.0,0.0,0.0
3.2048800147320585e-16,4.8508570661290505e-16,0.0,1.0062819621823694e-15,0.0,0.0,1.5799960225825115e-15,6.843236527339373e-16,0.0,0.0,0.0,-1.7574262692386032e-15,0.0,0.0,0.0,1.1996478508171902e-16,-5.387451844944261e-16,-1.437044428084862e-15,5.309046355544068e-16,0.0,6.007265541634502e-17,0.0,-3.029768296458272e-16,0.0,-2.306050285034673e-15,0.0,-5.313366901515741e-16,1.1668392865242157e-15,-6.93116661275207e-16,1.4839521976803614e-15,0.0,0.0,9.66316535540611e-16,0.0,0.0,-9.291739808656245e-16,0.0,-8.366676409992317e-16,0.0,0.0
8.200462810131473e-17,1.2412094301564816e-16,0.0,2.5748164578549897e-16,0.0,0.0,4.042803026567211e-16,1.7510080372875194e-16,0.0,0.0,0.0,-4.49680134550814e-16,0.0,0.0,0.0,3.069589981733837e-17,-1.3785102185653338e-16,-3.6770267014198323e-16,1.3584482725024267e-16,0.0,1.5371045854543973e-17,0.0,-7.752397008378686e-17,0.0,-5.900588949911415e-16,0.0,-1.3595537889772183e-16,2.985641312797213e-16,-1.7735070822440836e-16,3.797051606659933e-16,0.0,0.0,2.472555220816393e-16,0.0,0.0,-2.377516986347273e-16,0.0,-2.1408170798644532e-16,0.0,0.0
2.957948614485012e-16,4.477105499071502e-16,0.0,9.287493828587058e-16,0.0,0.0,1.4582595992382256e-15,6.315974985518775e-16,0.0,0.0,0.0,-1.622019100327691e-15,0.0,0.0,0.0,1.1072167076093486e-16,-4.972356421177876e-16,-1.3263222196985747e-15,4.899991962080112e-16,0.0,5.544414363108976e-17,0.0,-2.7963290024973412e-16,0.0,-2.128372423989594e-15,0.0,-4.903979616192585e-16,1.0769359960546106e-15,-6.397130184191565e-16,1.3696158130455286e-15,0.0,0.0,8.918632349159178e-16,0.0,0.0,-8.575824607108667e-16,0.0,-7.72203601414709e-16,0.0,0.0
1.507349602165728e-16,2.2815011592263135e-16,0.0,4.732840881373699e-16,0.0,0.0,7.43118733030726e-16,3.218575987117999e-16,0.0,0.0,0.0,-8.265694115209742e-16,0.0,0.0,0.0,5.642297690883891e-17,-2.5338775111188305e-16,-6.758843816339535e-16,2.497001096803248e-16,0.0,2.825394174715678e-17,0.0,-1.424989395961061e-16,0.0,-1.084603468380325e-15,0.0,-2.4990331770126797e-16,5.487989335790048e-16,-3.2599320998760326e-16,6.979464892676986e-16,0.0,0.0,4.544871691663255e-16,0.0,0.0,-4.3701793014477025e-16,0.0,-3.9350946993582464e-16,0.0,0.0
2.257127874336366e-16,3.4163540126468007e-16,0.0,7.087026833588371e-16,0.0,0.0,1.1127571227373176e-15,4.819543897285605e-16,0.0,0.0,0.0,-1.2377174187973632e-15,0.0,0.0,0.0,8.448861083785612e-17,-3.794266142561101e-16,-1.012079397787153e-15,3.739046847357329e-16,0.0,4.230787561542202e-17,0.0,-2.1338004678119928e-16,0.0,-1.6241014808812573e-15,0.0,-3.7420897147034345e-16,8.217797441333397e-16,-4.881471160042857e-16,1.0451155282476567e-15,0.0,0.0,6.805558953142931e-16,0.0,0.0,-6.543971951147215e-16,0.0,-5.892469750423719e-16,0.0,0.0
0.0,0.0,0.0,0.0,0.0,0.0,0.0,0.0,0.0,0.0,0.0,0.0,0.0,0.0,0.0,0.0,0.0,0.0,0.0,0.0,0.0,0.0,0.0,0.0,0.0,0.0,0.0,0.0,0.0,0.0,0.0,0.0,0.0,0.0,0.0,0.0,0.0,0.0,0.0,0.0
0.0,0.0,0.0,0.0,0.0,0.0,0.0,0.0,0.0,0.0,0.0,0.0,0.0,0.0,0.0,0.0,0.0,0.0,0.0,0.0,0.0,0.0,0.0,0.0,0.0,0.0,0.0,0.0,0.0,0.0,0.0,0.0,0.0,0.0,0.0,0.0,0.0,0.0,0.0,0.0
0.0,0.0,0.0,0.0,0.0,0.0,0.0,0.0,0.0,0.0,0.0,0.0,0.0,0.0,0.0,0.0,0.0,0.0,0.0,0.0,0.0,0.0,0.0,0.0,0.0,0.0,0.0,0.0,0.0,0.0,0.0,0.0,0.0,0.0,0.0,0.0,0.0,0.0,0.0,0.0
2.776568809662917e-16,4.202571817988303e-16,0.0,8.717989744010922e-16,0.0,0.0,1.3688399114875558e-15,5.928682824821763e-16,0.0,0.0,0.0,-1.5225577687837797e-15,0.0,0.0,0.0,1.0393227795882525e-16,-4.667454222146215e-16,-1.244992860506167e-15,4.599527112434081e-16,0.0,5.2044338813288306e-17,0.0,-2.624859624629316e-16,0.0,-1.997861781255128e-15,0.0,-4.603270245759047e-16,1.010898864843566e-15,-6.004861630725767e-16,1.2856317141889958e-15,0.0,0.0,8.371746650452692e-16,0.0,0.0,-8.049959693225872e-16,0.0,-7.24852495373976e-16,0.0,0.0
3.760952167918109e-16,5.692519319056066e-16,0.0,1.1808798799985895e-15,0.0,0.0,1.854137889443105e-15,8.030592451126485e-16,0.0,0.0,0.0,-2.062353694012395e-15,0.0,0.0,0.0,1.4077962870776674e-16,-6.322217556556955e-16,-1.68638305719918e-15,6.230208091621967e-16,0.0,7.049573855562549e-17,0.0,-3.5554571748318475e-16,0.0,-2.7061683367121065e-15,0.0,-6.235278286657057e-16,1.3692951761353725e-15,-8.133779105178417e-16,1.741429697616745e-15,0.0,0.0,1.1339801342111769e-15,0.0,0.0,-1.0903930511114102e-15,0.0,-9.818361260885037e-16,0.0,0.0
6.528270111769038e-16,9.881089168925246e-16,0.0,2.049774227905591e-15,0.0,0.0,3.2184171524442288e-15,1.3939522317165671e-15,0.0,0.0,0.0,-3.579838663029427e-15,0.0,0.0,0.0,2.443656290762131e-16,-1.0974120933162299e-15,-2.92722789808871e-15,1.0814410675462467e-15,0.0,1.2236667803050742e-16,0.0,-6.171571392512039e-16,0.0,-4.6973737184625765e-15,0.0,-1.082321153259401e-15,2.3768259667876514e-15,-1.4118633967488407e-15,3.022777993210024e-15,0.0,0.0,1.968365532712582e-15,0.0,0.0,-1.8927069656383527e-15,0.0,-1.704273585629457e-15,0.0,0.0
0.0,0.0,0.0,0.0,0.0,0.0,0.0,0.0,0.0,0.0,0.0,0.0,0.0,0.0,0.0,0.0,0.0,0.0,0.0,0.0,0.0,0.0,0.0,0.0,0.0,0.0,0.0,0.0,0.0,0.0,0.0,0.0,0.0,0.0,0.0,0.0,0.0,0.0,0.0,0.0
0.0,0.0,0.0,0.0,0.0,0.0,0.0,0.0,0.0,0.0,0.0,0.0,0.0,0.0,0.0,0.0,0.0,0.0,0.0,0.0,0.0,0.0,0.0,0.0,0.0,0.0,0.0,0.0,0.0,0.0,0.0,0.0,0.0,0.0,0.0,0.0,0.0,0.0,0.0,0.0
0.0,0.0,0.0,0.0,0.0,0.0,0.0,0.0,0.0,0.0,0.0,0.0,0.0,0.0,0.0,0.0,0.0,0.0,0.0,0.0,0.0,0.0,0.0,0.0,0.0,0.0,0.0,0.0,0.0,0.0,0.0,0.0,0.0,0.0,0.0,0.0,0.0,0.0,0.0,0.0
0.0,0.0,0.0,0.0,0.0,0.0,0.0,0.0,0.0,0.0,0.0,0.0,0.0,0.0,0.0,0.0,0.0,0.0,0.0,0.0,0.0,0.0,0.0,0.0,0.0,0.0,0.0,0.0,0.0,0.0,0.0,0.0,0.0,0.0,0.0,0.0,0.0,0.0,0.0,0.0
0.0,0.0,0.0,0.0,0.0,0.0,0.0,0.0,0.0,0.0,0.0,0.0,0.0,0.0,0.0,0.0,0.0,0.0,0.0,0.0,0.0,0.0,0.0,0.0,0.0,0.0,0.0,0.0,0.0,0.0,0.0,0.0,0.0,0.0,0.0,0.0,0.0,0.0,0.0,0.0
0.0,0.0,0.0,0.0,0.0,0.0,0.0,0.0,0.0,0.0,0.0,0.0,0.0,0.0,0.0,0.0,0.0,0.0,0.0,0.0,0.0,0.0,0.0,0.0,0.0,0.0,0.0,0.0,0.0,0.0,0.0,0.0,0.0,0.0,0.0,0.0,0.0,0.0,0.0,0.0
3.41945797691345e-16,5.175638967260597e-16,0.0,1.073656070365024e-15,0.0,0.0,1.6857823001411128e-15,7.301415224205349e-16,0.0,0.0,0.0,-1.875092124373212e-15,0.0,0.0,0.0,1.2799684837208717e-16,-5.748160649306525e-16,-1.5332595948072121e-15,5.664505637283959e-16,0.0,6.409473047775474e-17,0.0,-3.23262191467404e-16,0.0,-2.460448443023725e-15,0.0,-5.669115458968249e-16,1.2449632709306922e-15,-7.395232537363098e-16,1.5833080041658254e-15,0.0,0.0,1.0310148181800073e-15,0.0,0.0,-9.913854391447533e-16,0.0,-8.926854752405978e-16,0.0,0.0
3.396501623355455e-16,5.140892583821132e-16,0.0,1.0664481360908222e-15,0.0,0.0,1.6744648882105877e-15,7.25239755225493e-16,0.0,0.0,0.0,-1.862503790768429e-15,0.0,0.0,0.0,1.2713754817732618e-16,-5.709570671285288e-16,-1.522966136138551e-15,5.62647727284179e-16,0.0,6.366443383308597e-17,0.0,-3.210919875317626e-16,0.0,-2.4439303501708178e-15,0.0,-5.631056146727587e-16,1.2366052746613535e-15,-7.345585027752661e-16,1.5726785480999133e-15,0.0,0.0,1.0240931537380198e-15,0.0,0.0,-9.847298244809938e-16,0.0,-8.8669247765909e-16,0.0,0.0
0.0,0.0,0.0,0.0,0.0,0.0,0.0,0.0,0.0,0.0,0.0,0.0,0.0,0.0,0.0,0.0,0.0,0.0,0.0,0.0,0.0,0.0,0.0,0.0,0.0,0.0,0.0,0.0,0.0,0.0,0.0,0.0,0.0,0.0,0.0,0.0,0.0,0.0,0.0,0.0
0.0,0.0,0.0,0.0,0.0,0.0,0.0,0.0,0.0,0.0,0.0,0.0,0.0,0.0,0.0,0.0,0.0,0.0,0.0,0.0,0.0,0.0,0.0,0.0,0.0,0.0,0.0,0.0,0.0,0.0,0.0,0.0,0.0,0.0,0.0,0.0,0.0,0.0,0.0,0.0
2.950867051134443e-16,4.466386953771696e-16,0.0,9.265258832484324e-16,0.0,0.0,1.454768410215194e-15,6.30085404096905e-16,0.0,0.0,0.0,-1.6181358580838755e-15,0.0,0.0,0.0,1.1045659430830995e-16,-4.960452205930272e-16,-1.323146899215971e-15,4.88826099308125e-16,0.0,5.5311405958224546e-17,0.0,-2.789634369303496e-16,0.0,-2.1232769317689794e-15,0.0,-4.892239100433824e-16,1.0743577259510588e-15,-6.381814947666039e-16,1.366336844270166e-15,0.0,0.0,8.897280436664239e-16,0.0,0.0,-8.555293403509924e-16,0.0,-7.70354884808823e-16,0.0,0.0
0.0,0.0,0.0,0.0,0.0,0.0,0.0,0.0,0.0,0.0,0.0,0.0,0.0,0.0,0.0,0.0,0.0,0.0,0.0,0.0,0.0,0.0,0.0,0.0,0.0,0.0,0.0,0.0,0.0,0.0,0.0,0.0,0.0,0.0,0.0,0.0,0.0,0.0,0.0,0.0
3.9429031788309594e-16,5.967917568887181e-16,0.0,1.2380096381925968e-15,0.0,0.0,1.9438391800454634e-15,8.41910428256528e-16,0.0,0.0,0.0,-2.16212825181889e-15,0.0,0.0,0.0,1.4759040284571415e-16,-6.628079961678497e-16,-1.7679685409660597e-15,6.531619173139535e-16,0.0,7.39062501289073e-17,0.0,-3.7274665486112824e-16,0.0,-2.837089987023251e-15,0.0,-6.536934659013479e-16,1.4355402732310465e-15,-8.527283001174059e-16,1.8256782814242923e-15,0.0,0.0,1.1888409307761668e-15,0.0,0.0,-1.1431451492727362e-15,0.0,-1.0293363514879271e-15,0.0,0.0
6.193509132348168e-18,9.374400102556635e-18,0.0,1.9446645409016337e-17,0.0,0.0,3.0533810158121306e-17,1.3224722214893408e-17,0.0,0.0,0.0,-3.3962693136478817e-17,0.0,0.0,0.0,2.318348857206532e-18,-1.041138265656348e-17,-2.777123557830838e-17,1.0259862127746766e-17,0.0,1.1609187807820112e-18,0.0,-5.855101447403823e-18,0.0,-4.456498662777684e-17,0.0,-1.0268211688669259e-17,2.2549455030610703e-17,-1.3394649258810286e-17,2.86777397158497e-17,0.0,0.0,1.867430374959039e-17,0.0,0.0,-1.7956514782387812e-17,0.0,-1.616880710494296e-17,0.0,0.0
0.0,0.0,0.0,0.0,0.0,0.0,0.0,0.0,0.0,0.0,0.0,0.0,0.0,0.0,0.0,0.0,0.0,0.0,0.0,0.0,0.0,0.0,0.0,0.0,0.0,0.0,0.0,0.0,0.0,0.0,0.0,0.0,0.0,0.0,0.0,0.0,0.0,0.0,0.0,0.0
5.74855426123093e-17,8.700923257637046e-17,0.0,1.8049557035248027e-16,0.0,0.0,2.8340196283772483e-16,1.2274630038883622e-16,0.0,0.0,0.0,-3.152274101492494e-16,0.0,0.0,0.0,2.1517937436320036e-17,-9.663406779058465e-17,-2.577609093841864e-16,9.522771807351715e-17,0.0,1.077515906023579e-17,0.0,-5.434458504245656e-17,0.0,-4.136334318823841e-16,0.0,-9.530521518056059e-17,2.0929454213221854e-16,-1.2432349162490755e-16,2.6617469890371663e-16,0.0,0.0,1.7332702043587444e-16,0.0,0.0,-1.6666480562694506e-16,0.0,-1.5007205607671617e-16,0.0,0.0
0.0,0.0,0.0,0.0,0.0,0.0,0.0,0.0,0.0,0.0,0.0,0.0,0.0,0.0,0.0,0.0,0.0,0.0,0.0,0.0,0.0,0.0,0.0,0.0,0.0,0.0,0.0,0.0,0.0,0.0,0.0,0.0,0.0,0.0,0.0,0.0,0.0,0.0,0.0,0.0
0.0,0.0,0.0,0.0,0.0,0.0,0.0,0.0,0.0,0.0,0.0,0.0,0.0,0.0,0.0,0.0,0.0,0.0,0.0,0.0,0.0,0.0,0.0,0.0,0.0,0.0,0.0,0.0,0.0,0.0,0.0,0.0,0.0,0.0,0.0,0.0,0.0,0.0,0.0,0.0
5.270448693592159e-16,7.977270028662708e-16,0.0,1.654838068380174e-15,0.0,0.0,2.5983150491819584e-15,1.125375266770269e-15,0.0,0.0,0.0,-2.890100391345701e-15,0.0,0.0,0.0,1.9728296906736784e-16,-8.859704078609952e-16,-2.3632301034105825e-15,8.730765676148652e-16,0.0,9.878992249454227e-17,0.0,-4.982476188360659e-16,0.0,-3.792316609748317e-15,0.0,-8.73787084569239e-16,1.918875766026987e-15,-1.1398354338174131e-15,2.4403702746018558e-15,0.0,0.0,1.589114631101815e-15,0.0,0.0,-1.5280334274799614e-15,0.0,-1.3759060729903477e-15,0.0,0.0
0.0,0.0,0.0,0.0,0.0,0.0,0.0,0.0,0.0,0.0,0.0,0.0,0.0,0.0,0.0,0.0,0.0,0.0,0.0,0.0,0.0,0.0,0.0,0.0,0.0,0.0,0.0,0.0,0.0,0.0,0.0,0.0,0.0,0.0,0.0,0.0,0.0,0.0,0.0,0.0
4.972865602691157e-16,7.5268528421777e-16,0.0,1.561401654146991e-15,0.0,0.0,2.4516074976199385e-15,1.06183368430193e-15,0.0,0.0,0.0,-2.7269178887787953e-15,0.0,0.0,0.0,1.861438651446655e-16,-8.359462395698509e-16,-2.2297960526174807e-15,8.237804187120307e-16,0.0,9.321198934408038e-17,0.0,-4.701152765883237e-16,0.0,-3.578192658636492e-15,0.0,-8.244508180514324e-16,1.810531104176167e-15,-1.0754773931203726e-15,2.3025806913085245e-15,0.0,0.0,1.4993891312038217e-15,0.0,0.0,-1.441756729463266e-15,0.0,-1.2982188767393466e-15,0.0,0.0
3.70561789404251e-16,5.608766213730839e-16,0.0,1.1635057875409878e-15,0.0,0.0,1.8268582620517355e-15,7.912439658367109e-16,0.0,0.0,0.0,-2.032010621556888e-15,0.0,0.0,0.0,1.3870836106510145e-16,-6.22919980409527e-16,-1.6615715792063915e-15,6.138544059363184e-16,0.0,6.945854628884403e-17,0.0,-3.503146315166218e-16,0.0,-2.666352924760193e-15,0.0,-6.143539657448313e-16,1.3491489602544207e-15,-8.014108144061486e-16,1.7158083274102825e-15,0.0,0.0,1.1172960700395592e-15,0.0,0.0,-1.0743502765616747e-15,0.0,-9.673905318144312e-16,0.0,0.0
3.274320519882893e-16,4.955961146012883e-16,0.0,1.028085189590856e-15,0.0,0.0,1.614229978749389e-15,6.991509722947545e-16,0.0,0.0,0.0,-1.7955046270368058e-15,0.0,0.0,0.0,1.2256407592508695e-16,-5.504182385828488e-16,-1.4681810355558745e-15,5.424078075640771e-16,0.0,6.137425657416926e-17,0.0,-3.09541463579982e-16,0.0,-2.3560157426992153e-15,0.0,-5.428492235380642e-16,1.1921213280089591e-15,-7.081344999668793e-16,1.516105161208773e-15,0.0,0.0,9.872538274376852e-16,0.0,0.0,-9.493065007439748e-16,0.0,-8.547958153356432e-16,0.0,0.0
3.1381237700174286e-16,4.749815841529797e-16,0.0,9.853215503695797e-16,0.0,0.0,1.5470853985819816e-15,6.700694912627051e-16,0.0,0.0,0.0,-1.7208198510395061e-15,0.0,0.0,0.0,1.174659712374439e-16,-5.27523358650832e-16,-1.4071114230843462e-15,5.198461249055567e-16,0.0,5.882136835810973e-17,0.0,-2.966659552013153e-16,0.0,-2.2580162692698464e-15,0.0,-5.202691799950089e-16,1.1425345360824535e-15,-6.786793452935842e-16,1.4530421244177763e-15,0.0,0.0,9.461885860317945e-16,0.0,0.0,-9.098196944761174e-16,0.0,-8.192402210862819e-16,0.0,0.0
7.582016856356487e-17,1.1476024024019924e-16,0.0,2.3806341468144095e-16,0.0,0.0,3.7379110672255066e-16,1.6189540470724735e-16,0.0,0.0,0.0,-4.157670657222653e-16,0.0,0.0,0.0,2.838093839637304e-17,-1.2745485170555215e-16,-3.3997201227464725e-16,1.2559995623511177e-16,0.0,1.421182334062831e-17,0.0,-7.167742376939385e-17,0.0,-5.455590241246628e-16,0.0,-1.2570217052156027e-16,2.7604762419866213e-16,-1.6397563044648046e-16,3.510693231921325e-16,0.0,0.0,2.2860850413638506e-16,0.0,0.0,-2.198214208652681e-16,0.0,-1.9793652580015688e-16,0.0,0.0
0.0,0.0,0.0,0.0,0.0,0.0,0.0,0.0,0.0,0.0,0.0,0.0,0.0,0.0,0.0,0.0,0.0,0.0,0.0,0.0,0.0,0.0,0.0,0.0,0.0,0.0,0.0,0.0,0.0,0.0,0.0,0.0,0.0,0.0,0.0,0.0,0.0,0.0,0.0,0.0
0.0,0.0,0.0,0.0,0.0,0.0,0.0,0.0,0.0,0.0,0.0,0.0,0.0,0.0,0.0,0.0,0.0,0.0,0.0,0.0,0.0,0.0,0.0,0.0,0.0,0.0,0.0,0.0,0.0,0.0,0.0,0.0,0.0,0.0,0.0,0.0,0.0,0.0,0.0,0.0
0.0,0.0,0.0,0.0,0.0,0.0,0.0,0.0,0.0,0.0,0.0,0.0,0.0,0.0,0.0,0.0,0.0,0.0,0.0,0.0,0.0,0.0,0.0,0.0,0.0,0.0,0.0,0.0,0.0,0.0,0.0,0.0,0.0,0.0,0.0,0.0,0.0,0.0,0.0,0.0
5.953837850304271e-16,9.01163733867574e-16,0.0,1.8694115246060893e-15,0.0,0.0,2.9352238084858313e-15,1.2712962877789434e-15,0.0,0.0,0.0,-3.264843299223047e-15,0.0,0.0,0.0,2.228635315019337e-16,-1.0008491601456228e-15,-2.6696567325987144e-15,9.862834488454596e-16,0.0,1.115994508193852e-16,0.0,-5.628525585415175e-16,0.0,-4.284044771920194e-15,0.0,-9.870860944990216e-16,2.1676854913118236e-15,-1.2876314225828707e-15,2.7567992317897127e-15,0.0,0.0,1.7951661023907576e-15,0.0,0.0,-1.726164845911763e-15,0.0,-1.5543120011382007e-15,0.0,0.0
0.0,0.0,0.0,0.0,0.0,0.0,0.0,0.0,0.0,0.0,0.0,0.0,0.0,0.0,0.0,0.0,0.0,0.0,0.0,0.0,0.0,0.0,0.0,0.0,0.0,0.0,0.0,0.0,0.0,0.0,0.0,0.0,0.0,0.0,0.0,0.0,0.0,0.0,0.0,0.0
0.0,0.0,0.0,0.0,0.0,0.0,0.0,0.0,0.0,0.0,0.0,0.0,0.0,0.0,0.0,0.0,0.0,0.0,0.0,0.0,0.0,0.0,0.0,0.0,0.0,0.0,0.0,0.0,0.0,0.0,0.0,0.0,0.0,0.0,0.0,0.0,0.0,0.0,0.0,0.0
0.0,0.0,0.0,0.0,0.0,0.0,0.0,0.0,0.0,0.0,0.0,0.0,0.0,0.0,0.0,0.0,0.0,0.0,0.0,0.0,0.0,0.0,0.0,0.0,0.0,0.0,0.0,0.0,0.0,0.0,0.0,0.0,0.0,0.0,0.0,0.0,0.0,0.0,0.0,0.0
0.0,0.0,0.0,0.0,0.0,0.0,0.0,0.0,0.0,0.0,0.0,0.0,0.0,0.0,0.0,0.0,0.0,0.0,0.0,0.0,0.0,0.0,0.0,0.0,0.0,0.0,0.0,0.0,0.0,0.0,0.0,0.0,0.0,0.0,0.0,0.0,0.0,0.0,0.0,0.0
6.733088800280049e-16,1.0191099583627773e-15,0.0,2.1140840775158923e-15,0.0,0.0,3.319392138000753e-15,1.4376862474755774e-15,0.0,0.0,0.0,-3.692152928139393e-15,0.0,0.0,0.0,2.520323840982407e-16,-1.1318424250673534e-15,-3.019067078881568e-15,1.1153703225195442e-15,0.0,1.262058240956303e-16,0.0,-6.365198974861546e-16,0.0,-4.8447496554243635e-15,0.0,-1.1162780201418964e-15,2.4513967748274005e-15,-1.4561593594354147e-15,3.117614973547752e-15,0.0,0.0,2.0301212566667212e-15,0.0,0.0,-1.952088969109507e-15,0.0,-1.7577436588182627e-15,0.0,0.0
3.326328279006542e-17,5.034679289805728e-17,0.0,1.0444148086901936e-16,0.0,0.0,1.6398696445656039e-16,7.102559557981629e-17,0.0,0.0,0.0,-1.824023573664446e-16,0.0,0.0,0.0,1.245108257619516e-17,-5.591608216609721e-17,-1.4915009290065718e-16,5.510231567430232e-17,0.0,6.234909624943007e-18,0.0,-3.144580738442775e-17,0.0,-2.3934375828928593e-16,0.0,-5.51471583959651e-17,1.2110564195788806e-16,-7.193821735766518e-17,1.540186258814052e-16,0.0,0.0,1.0029349004845953e-16,0.0,0.0,-9.643848363941979e-17,0.0,-8.683729879410513e-17,0.0,0.0
0.0,0.0,0.0,0.0,0.0,0.0,0.0,0.0,0.0,0.0,0.0,0.0,0.0,0.0,0.0,0.0,0.0,0.0,0.0,0.0,0.0,0.0,0.0,0.0,0.0,0.0,0.0,0.0,0.0,0.0,0.0,0.0,0.0,0.0,0.0,0.0,0.0,0.0,0.0,0.0
0.0,0.0,0.0,0.0,0.0,0.0,0.0,0.0,0.0,0.0,0.0,0.0,0.0,0.0,0.0,0.0,0.0,0.0,0.0,0.0,0.0,0.0,0.0,0.0,0.0,0.0,0.0,0.0,0.0,0.0,0.0,0.0,0.0,0.0,0.0,0.0,0.0,0.0,0.0,0.0
1.4188431247584827e-16,2.1475391171668323e-16,0.0,4.454944450487633e-16,0.0,0.0,6.9948531098889405e-16,3.0295920762335743e-16,0.0,0.0,0.0,-7.780360475016444e-16,0.0,0.0,0.0,5.3110010279294786e-17,-2.385096782103911e-16,-6.36198733615042e-16,2.350385626282969e-16,0.0,2.6594965718425645e-17,0.0,-1.341318831681889e-16,0.0,-1.0209192160793987e-15,0.0,-2.352298389606068e-16,5.165753138254035e-16,-3.0685198977350796e-16,6.569654288056241e-16,0.0,0.0,4.2780121767112646e-16,0.0,0.0,-4.1135771336072353e-16,0.0,-3.704039229808437e-16,0.0,0.0
9.795223892517216e-16,1.482590013196039e-15,0.0,3.0755463771712895e-15,0.0,0.0,4.829015351383219e-15,2.0915302172504342e-15,0.0,0.0,0.0,-5.3713036689838624e-15,0.0,0.0,0.0,3.6665395387396084e-16,-1.6465919718930844e-15,-4.392105742455512e-15,1.6226285373948517e-15,0.0,1.8360285156270705e-16,0.0,-9.260021801078377e-16,0.0,-7.04808877258584e-15,0.0,-1.6239490459610354e-15,3.56626519730889e-15,-2.1184046983400964e-15,4.535472141002242e-15,0.0,0.0,2.9533981843788913e-15,0.0,0.0,-2.8398776665095283e-15,0.0,-2.5571462362209082e-15,0.0,0.0
3.818961476688039e-16,5.780321316027676e-16,0.0,1.1990938913767124e-15,0.0,0.0,1.88273630083696e-15,8.154457125895997e-16,0.0,0.0,0.0,-2.094163647153861e-15,0.0,0.0,0.0,1.4295102801985786e-16,-6.419732083191309e-16,-1.7123940009979142e-15,6.326303454910746e-16,0.0,7.158307199733242e-17,0.0,-3.610296907927218e-16,0.0,-2.7479085523859047e-15,0.0,-6.331451853149755e-16,1.3904153242051052e-15,-8.259235341395291e-16,1.7682896863961543e-15,0.0,0.0,1.1514707591400326e-15,0.0,0.0,-1.107211384437229e-15,0.0,-9.969800663612853e-16,0.0,0.0
3.5505602582287123e-16,5.374073362551663e-16,0.0,1.1148201265175402e-15,0.0,0.0,1.750415322930556e-15,7.581352044364007e-16,0.0,0.0,0.0,-1.9469833003552916e-15,0.0,0.0,0.0,1.3290425736381613e-16,-5.968545569834467e-16,-1.5920448853663857e-15,5.881683218229528e-16,0.0,6.655212736423598e-17,0.0,-3.3565608870213545e-16,0.0,-2.5547822251952968e-15,0.0,-5.886469780831047e-16,1.2926952583025774e-15,-7.678766320509719e-16,1.644012154581565e-15,0.0,0.0,1.0705440054505724e-15,0.0,0.0,-1.0293952329811231e-15,0.0,-9.269111048845921e-16,0.0,0.0
0.0,0.0,0.0,0.0,0.0,0.0,0.0,0.0,0.0,0.0,0.0,0.0,0.0,0.0,0.0,0.0,0.0,0.0,0.0,0.0,0.0,0.0,0.0,0.0,0.0,0.0,0.0,0.0,0.0,0.0,0.0,0.0,0.0,0.0,0.0,0.0,0.0,0.0,0.0,0.0
5.045344731042049e-16,7.636556135371717e-16,0.0,1.5841589614904614e-15,0.0,0.0,2.48733948570943e-15,1.0773098274436572e-15,0.0,0.0,0.0,-2.7666625043493793e-15,0.0,0.0,0.0,1.8885689746274182e-16,-8.481300908204135e-16,-2.2622951561940007e-15,8.357869540723407e-16,0.0,9.457054681964446e-17,0.0,-4.769671700827147e-16,0.0,-3.63034453759119e-15,0.0,-8.364671244298331e-16,1.8369194538254823e-15,-1.0911523922541254e-15,2.3361406253178652e-15,0.0,0.0,1.5212426108614345e-15,0.0,0.0,-1.462770221359966e-15,0.0,-1.3171403156263781e-15,0.0,0.0
0.0,0.0,0.0,0.0,0.0,0.0,0.0,0.0,0.0,0.0,0.0,0.0,0.0,0.0,0.0,0.0,0.0,0.0,0.0,0.0,0.0,0.0,0.0,0.0,0.0,0.0,0.0,0.0,0.0,0.0,0.0,0.0,0.0,0.0,0.0,0.0,0.0,0.0,0.0,0.0
3.756183991252211e-16,5.685302280238388e-16,0.0,1.1793827474540525e-15,0.0,0.0,1.8517871929638425e-15,8.020411177388033e-16,0.0,0.0,0.0,-2.0597390192381446e-15,0.0,0.0,0.0,1.406011467407893e-16,-6.314202179364165e-16,-1.6842450421476474e-15,6.222309365044275e-16,0.0,7.040636328026477e-17,0.0,-3.550949526986112e-16,0.0,-2.7027374266284387e-15,0.0,-6.227373132030143e-16,1.3675591685989647e-15,-8.123467010261148e-16,1.7392218938269736e-15,0.0,0.0,1.1325424616819538e-15,0.0,0.0,-1.089010638767186e-15,0.0,-9.805913434119023e-16,0.0,0.0
0.0,0.0,0.0,0.0,0.0,0.0,0.0,0.0,0.0,0.0,0.0,0.0,0.0,0.0,0.0,0.0,0.0,0.0,0.0,0.0,0.0,0.0,0.0,0.0,0.0,0.0,0.0,0.0,0.0,0.0,0.0,0.0,0.0,0.0,0.0,0.0,0.0,0.0,0.0,0.0
0.0,0.0,0.0,0.0,0.0,0.0,0.0,0.0,0.0,0.0,0.0,0.0,0.0,0.0,0.0,0.0,0.0,0.0,0.0,0.0,0.0,0.0,0.0,0.0,0.0,0.0,0.0,0.0,0.0,0.0,0.0,0.0,0.0,0.0,0.0,0.0,0.0,0.0,0.0,0.0
4.965806487975773e-16,7.516168274786619e-16,0.0,1.5591852030554015e-15,0.0,0.0,2.4481273757052364e-15,1.0603263832033262e-15,0.0,0.0,0.0,-2.723046956456413e-15,0.0,0.0,0.0,1.8587962898736617e-16,-8.347595916946653e-16,-2.2266307979363934e-15,8.226110405424642e-16,0.0,9.307967245112576e-17,0.0,-4.694479354751645e-16,0.0,-3.573113319183322e-15,0.0,-8.232804882322095e-16,1.8079610072177386e-15,-1.0739507244149625e-15,2.299312116900928e-15,0.0,0.0,1.4972607085345182e-15,0.0,0.0,-1.4397101175179421e-15,0.0,-1.2963760205858202e-15,0.0,0.0
1.6527703535640197e-16,2.5016077704690355e-16,0.0,5.189439188912341e-16,0.0,0.0,8.148107176772932e-16,3.5290863941308886e-16,0.0,0.0,0.0,-9.063122560034501e-16,0.0,0.0,0.0,6.186635360554082e-17,-2.778331996719723e-16,-7.410899679785956e-16,2.737897949940549e-16,0.0,3.0979725754351785e-17,0.0,-1.562464490257382e-16,0.0,-1.1892400112993969e-15,0.0,-2.740126074007711e-16,6.017440188949629e-16,-3.5744323158778556e-16,7.652805057156953e-16,0.0,0.0,4.983335771569404e-16,0.0,0.0,-4.791790025893241e-16,0.0,-4.3147308681554003e-16,0.0,0.0
0.0,0.0,0.0,0.0,0.0,0.0,0.0,0.0,0.0,0.0,0.0,0.0,0.0,0.0,0.0,0.0,0.0,0.0,0.0,0.0,0.0,0.0,0.0,0.0,0.0,0.0,0.0,0.0,0.0,0.0,0.0,0.0,0.0,0.0,0.0,0.0,0.0,0.0,0.0,0.0
0.0,0.0,0.0,0.0,0.0,0.0,0.0,0.0,0.0,0.0,0.0,0.0,0.0,0.0,0.0,0.0,0.0,0.0,0.0,0.0,0.0,0.0,0.0,0.0,0.0,0.0,0.0,0.0,0.0,0.0,0.0,0.0,0.0,0.0,0.0,0.0,0.0,0.0,0.0,0.0
0.0,0.0,0.0,0.0,0.0,0.0,0.0,0.0,0.0,0.0,0.0,0.0,0.0,0.0,0.0,0.0,0.0,0.0,0.0,0.0,0.0,0.0,0.0,0.0,0.0,0.0,0.0,0.0,0.0,0.0,0.0,0.0,0.0,0.0,0.0,0.0,0.0,0.0,0.0,0.0
4.837769552941808e-16,7.322373540450225e-16,0.0,1.518983617465444e-15,0.0,0.0,2.3850055592355383e-15,1.03298723082803e-15,0.0,0.0,0.0,-2.652836692101072e-15,0.0,0.0,0.0,1.8108696176635766e-16,-8.132363889944415e-16,-2.169219985914151e-15,8.014010726125437e-16,0.0,9.067973278302452e-17,0.0,-4.573438240963169e-16,0.0,-3.480985186718829e-15,0.0,-8.020532594544149e-16,1.7613450574046317e-15,-1.0462602859203182e-15,2.240027310526111e-15,0.0,0.0,1.458655766410467e-15,0.0,0.0,-1.4025890433821015e-15,0.0,-1.2629506318339123e-15,0.0,0.0
7.144356829878343e-16,1.0813588543675983e-15,0.0,2.2432157760208824e-15,0.0,0.0,3.522146015835077e-15,1.5255024649232446e-15,0.0,0.0,0.0,-3.917675642122951e-15,0.0,0.0,0.0,2.674269325852193e-16,-1.2009772037374111e-15,-3.2034766129879735e-15,1.1834989583391025e-15,0.0,1.3391468137335996e-16,0.0,-6.753995694768686e-16,0.0,-5.140674854658408e-15,0.0,-1.184462099610527e-15,2.6011320822400914e-15,-1.5451039446473619e-15,3.3080439735579395e-15,0.0,0.0,2.154124369330289e-15,0.0,0.0,-2.0713257425637408e-15,0.0,-1.8651095042042635e-15,0.0,0.0
0.0,0.0,0.0,0.0,0.0,0.0,0.0,0.0,0.0,0.0,0.0,0.0,0.0,0.0,0.0,0.0,0.0,0.0,0.0,0.0,0.0,0.0,0.0,0.0,0.0,0.0,0.0,0.0,0.0,0.0,0.0,0.0,0.0,0.0,0.0,0.0,0.0,0.0,0.0,0.0
0.0,0.0,0.0,0.0,0.0,0.0,0.0,0.0,0.0,0.0,0.0,0.0,0.0,0.0,0.0,0.0,0.0,0.0,0.0,0.0,0.0,0.0,0.0,0.0,0.0,0.0,0.0,0.0,0.0,0.0,0.0,0.0,0.0,0.0,0.0,0.0,0.0,0.0,0.0,0.0
7.448714995712011e-16,1.127426037930842e-15,0.0,2.3387794573173683e-15,0.0,0.0,3.672193658569655e-15,1.5904906987495618e-15,0.0,0.0,0.0,-4.084573321110814e-15,0.0,0.0,0.0,2.788196405132117e-16,-1.252140272386068e-15,-3.3399485571303094e-15,1.2339174327803182e-15,0.0,1.396196073410191e-16,0.0,-7.041724008269413e-16,0.0,-5.359673766270406e-15,0.0,-1.2349216050245498e-15,2.7119434272628994e-15,-1.6109272250088002e-15,3.448970612619214e-15,0.0,0.0,2.2458926498961605e-15,0.0,0.0,-2.1595667023677454e-15,0.0,-1.9445654050356084e-15,0.0,0.0
2.6336317773153403e-17,3.9862245256754816e-17,0.0,8.269189923992484e-17,0.0,0.0,1.2983723927190568e-16,5.623475791680399e-17,0.0,0.0,0.0,-1.4441768951348669e-16,0.0,0.0,0.0,9.858187161382223e-18,-4.4271749058872604e-17,-1.180900955362179e-16,4.3627446659247285e-17,0.0,4.936510993389801e-18,0.0,-2.4897325412421636e-17,0.0,-1.8950123820039999e-16,0.0,-4.366295103730214e-17,9.588580570518026e-17,-5.695732932684254e-17,1.219447731541574e-16,0.0,0.0,7.940771333861584e-17,0.0,0.0,-7.635549884593396e-17,0.0,-6.875372794794815e-17,0.0,0.0
0.0,0.0,0.0,0.0,0.0,0.0,0.0,0.0,0.0,0.0,0.0,0.0,0.0,0.0,0.0,0.0,0.0,0.0,0.0,0.0,0.0,0.0,0.0,0.0,0.0,0.0,0.0,0.0,0.0,0.0,0.0,0.0,0.0,0.0,0.0,0.0,0.0,0.0,0.0,0.0
0.0,0.0,0.0,0.0,0.0,0.0,0.0,0.0,0.0,0.0,0.0,0.0,0.0,0.0,0.0,0.0,0.0,0.0,0.0,0.0,0.0,0.0,0.0,0.0,0.0,0.0,0.0,0.0,0.0,0.0,0.0,0.0,0.0,0.0,0.0,0.0,0.0,0.0,0.0,0.0
0.0,0.0,0.0,0.0,0.0,0.0,0.0,0.0,0.0,0.0,0.0,0.0,0.0,0.0,0.0,0.0,0.0,0.0,0.0,0.0,0.0,0.0,0.0,0.0,0.0,0.0,0.0,0.0,0.0,0.0,0.0,0.0,0.0,0.0,0.0,0.0,0.0,0.0,0.0,0.0
0.0,0.0,0.0,0.0,0.0,0.0,0.0,0.0,0.0,0.0,0.0,0.0,0.0,0.0,0.0,0.0,0.0,0.0,0.0,0.0,0.0,0.0,0.0,0.0,0.0,0.0,0.0,0.0,0.0,0.0,0.0,0.0,0.0,0.0,0.0,0.0,0.0,0.0,0.0,0.0
0.0,0.0,0.0,0.0,0.0,0.0,0.0,0.0,0.0,0.0,0.0,0.0,0.0,0.0,0.0,0.0,0.0,0.0,0.0,0.0,0.0,0.0,0.0,0.0,0.0,0.0,0.0,0.0,0.0,0.0,0.0,0.0,0.0,0.0,0.0,0.0,0.0,0.0,0.0,0.0
0.0,0.0,0.0,0.0,0.0,0.0,0.0,0.0,0.0,0.0,0.0,0.0,0.0,0.0,0.0,0.0,0.0,0.0,0.0,0.0,0.0,0.0,0.0,0.0,0.0,0.0,0.0,0.0,0.0,0.0,0.0,0.0,0.0,0.0,0.0,0.0,0.0,0.0,0.0,0.0
2.9447026214381977e-16,4.457056567856082e-16,0.0,9.245903491935041e-16,0.0,0.0,1.4517293652722366e-15,6.287691410769589e-16,0.0,0.0,0.0,-1.6147555347540606e-15,0.0,0.0,0.0,1.10225847921468e-16,-4.950089706246226e-16,-1.3203828146616073e-15,4.878049302514858e-16,0.0,5.519585914858469e-17,0.0,-2.7838067584183536e-16,0.0,-2.1188413570227306e-15,0.0,-4.882019099508925e-16,1.0721133677487138e-15,-6.368483188255119e-16,1.3634825349190703e-15,0.0,0.0,8.878693811516722e-16,0.0,0.0,-8.537421197204861e-16,0.0,-7.687455955910191e-16,0.0,0.0
2.441550134873428e-16,3.6954927078757683e-16,0.0,7.666083751008908e-16,0.0,0.0,1.2036767318287035e-15,5.213332477188879e-16,0.0,0.0,0.0,-1.3388471097094568e-15,0.0,0.0,0.0,9.139188857303308e-17,-4.10428275572977e-16,-1.094772971556328e-15,4.044551679265161e-16,0.0,4.5764708588082484e-17,0.0,-2.308146064392173e-16,0.0,-1.756801302566715e-15,0.0,-4.0478431689781534e-16,8.88924578858842e-16,-5.280319606476699e-16,1.1305083721504366e-15,0.0,0.0,7.361618085027908e-16,0.0,0.0,-7.078657696622107e-16,0.0,-6.373923461520575e-16,0.0,0.0
0.0,0.0,0.0,0.0,0.0,0.0,0.0,0.0,0.0,0.0,0.0,0.0,0.0,0.0,0.0,0.0,0.0,0.0,0.0,0.0,0.0,0.0,0.0,0.0,0.0,0.0,0.0,0.0,0.0,0.0,0.0,0.0,0.0,0.0,0.0,0.0,0.0,0.0,0.0,0.0
2.2677198012965074e-16,3.432385790280392e-16,0.0,7.12028381979612e-16,0.0,0.0,1.1179789102587163e-15,4.842160363779004e-16,0.0,0.0,0.0,-1.2435256021290458e-15,0.0,0.0,0.0,8.48850869104497e-17,-3.812071332203341e-16,-1.016828739276003e-15,3.756592911786399e-16,0.0,4.250641196484753e-17,0.0,-2.1438136615523897e-16,0.0,-1.6317228320935405e-15,0.0,-3.759650058265311e-16,8.256360746169387e-16,-4.904378229940442e-16,1.0500198969659614e-15,0.0,0.0,6.837495107126152e-16,0.0,0.0,-6.57468056704969e-16,0.0,-5.920121089951694e-16,0.0,0.0
0.0,0.0,0.0,0.0,0.0,0.0,0.0,0.0,0.0,0.0,0.0,0.0,0.0,0.0,0.0,0.0,0.0,0.0,0.0,0.0,0.0,0.0,0.0,0.0,0.0,0.0,0.0,0.0,0.0,0.0,0.0,0.0,0.0,0.0,0.0,0.0,0.0,0.0,0.0,0.0
3.038888578791908e-17,4.5996149833534484e-17,0.0,9.541632597362537e-17,0.0,0.0,1.4981627535170162e-16,6.488802460407192e-17,0.0,0.0,0.0,-1.666403295321046e-16,0.0,0.0,0.0,1.1375140834173805e-17,-5.108417727070904e-17,-1.3626150993639424e-16,5.034073119735345e-17,0.0,5.696129203067686e-18,0.0,-2.872846481044506e-17,0.0,-2.1866122416746935e-16,0.0,-5.038169890206348e-17,1.1064047842054985e-16,-6.572178353128463e-17,1.4070933589633997e-16,0.0,0.0,9.162677759708999e-17,0.0,0.0,-8.810489582085734e-17,0.0,-7.933338305302831e-17,0.0,0.0
0.0,0.0,0.0,0.0,0.0,0.0,0.0,0.0,0.0,0.0,0.0,0.0,0.0,0.0,0.0,0.0,0.0,0.0,0.0,0.0,0.0,0.0,0.0,0.0,0.0,0.0,0.0,0.0,0.0,0.0,0.0,0.0,0.0,0.0,0.0,0.0,0.0,0.0,0.0,0.0
0.0,0.0,0.0,0.0,0.0,0.0,0.0,0.0,0.0,0.0,0.0,0.0,0.0,0.0,0.0,0.0,0.0,0.0,0.0,0.0,0.0,0.0,0.0,0.0,0.0,0.0,0.0,0.0,0.0,0.0,0.0,0.0,0.0,0.0,0.0,0.0,0.0,0.0,0.0,0.0
0.0,0.0,0.0,0.0,0.0,0.0,0.0,0.0,0.0,0.0,0.0,0.0,0.0,0.0,0.0,0.0,0.0,0.0,0.0,0.0,0.0,0.0,0.0,0.0,0.0,0.0,0.0,0.0,0.0,0.0,0.0,0.0,0.0,0.0,0.0,0.0,0.0,0.0,0.0,0.0
6.158416879540274e-15,3.553238401762254e-67,4.8198985264235316e-77,-7.263653023540112e-15
3.391659988248097e-15,1.9568952137685242e-67,2.6544901553834063e-77,-4.000352981998415e-15
0.0,0.0,0.0,0.0
1.0187675583086615e-14,5.878010666472013e-67,7.973406719790907e-77,-1.2016033016176219e-14
0.0,0.0,0.0,0.0
0.0,0.0,0.0,0.0
3.4782639048805636e-15,2.0068633091963983e-67,2.7222709013647495e-77,-4.102499493545518e-15
1.5868686536901473e-15,9.1557988832765e-68,1.2419662447599357e-77,-1.871660123014913e-15
0.0,0.0,0.0,0.0
0.0,0.0,0.0,0.0
0.0,0.0,0.0,0.0
4.114870053009847e-15,2.3741676759803143e-67,3.220512104469134e-77,-4.853355803391285e-15
0.0,0.0,0.0,0.0
0.0,0.0,0.0,0.0
0.0,0.0,0.0,0.0
7.901535549254523e-15,4.558970283381766e-67,6.1841541901557725e-77,-9.319604974068717e-15
9.995274556707951e-15,5.76700052720418e-67,7.822823632990501e-77,-1.1789102244141195e-14
5.680634745023205e-15,3.277571154602994e-67,4.445961287169566e-77,-6.700124487901676e-15
3.640069088502404e-15,2.100220482524397e-67,2.8489080844852293e-77,-4.293343461115147e-15
0.0,0.0,0.0,0.0
3.769260268831726e-15,2.1747602663834933e-67,2.9500198461402313e-77,-4.4457202693061266e-15
0.0,0.0,0.0,0.0
9.310278288487359e-17,5.371776382279626e-69,7.286709795882333e-79,-1.0981171356691169e-16
0.0,0.0,0.0,0.0
6.917794864214494e-15,3.991378766303261e-67,5.414227377640075e-77,-8.159314733729574e-15
0.0,0.0,0.0,0.0
1.550619581765137e-15,8.946651635028175e-68,1.2135958288278755e-77,-1.8289055180508722e-15
5.3475765595029465e-15,3.0854056747467186e-67,4.1852925651582976e-77,-6.307293157449489e-15
4.4374984051275875e-15,2.560315426719723e-67,3.473017894410206e-77,-5.233885483531212e-15
9.700302734734568e-16,5.596809839276628e-68,7.591963287243315e-78,-1.1441192544547092e-15
0.0,0.0,0.0,0.0
0.0,0.0,0.0,0.0
1.13048170797206e-14,6.52257080971752e-67,8.847739971136938e-77,-1.3333665188286225e-14
0.0,0.0,0.0,0.0
0.0,0.0,0.0,0.0
3.326423453183221e-15,1.919255514130696e-67,2.603432637618931e-77,-3.923408604175678e-15
0.0,0.0,0.0,0.0
5.075801200428456e-15,2.9285987125996074e-67,3.9725869821580204e-77,-5.986742933702297e-15
0.0,0.0,0.0,0.0
0.0,0.0,0.0,0.0
